ID,Genotype,Location,Year,Veg_period
143,SK_Doka,Kuban,2017,88
144,SK_Unika,Kuban,2017,98
145,SK_Viola,Kuban,2017,114
146,Osmon,Kuban,2017,88
147,Mezenka,Kuban,2017,91
148,Avanta,Kuban,2017,88
149,Bara,Kuban,2017,90
150,Zlata,Kuban,2017,88
151,Volma,Kuban,2017,90
152,Kazachka,Kuban,2017,93
153,Georgiya,Kuban,2017,86
154,OAS_Prudens,Kuban,2017,93
155,Amigo,Kuban,2017,93
157,Puma,Kuban,2017,96
158,SK_69,Kuban,2017,96
159,SK_Farta,Kuban,2017,96
160,BGL-461,Kuban,2017,102
161,Arleta,Kuban,2017,97
162,Sparta,Kuban,2017,97
163,SK_Agra,Kuban,2017,100
164,Slaviya,Kuban,2017,102
165,Olimpiya,Kuban,2017,100
166,SK_Optima,Kuban,2017,102
167,Selekta_201,Kuban,2017,102
168,YES_Gladiator,Kuban,2017,102
169,Poltava,Kuban,2017,102
170,PR_130_900_4,Kuban,2017,102
171,SK_Veda,Kuban,2017,102
172,SK_Riana,Kuban,2017,104
173,Selekta_301,Kuban,2017,114
174,Vilana,Kuban,2017,114
175,PIN_419,Kuban,2017,114
176,Trembita,Kuban,2017,114
177,L-12-0154,Kuban,2017,109
178,KNR-12-09_R9,Kuban,2017,116
179,Selekta_302,Kuban,2017,114
180,Shama,Kuban,2017,113
181,Soriano,Kuban,2017,113
182,YES_Pallador,Kuban,2017,112
183,Solador,Kuban,2017,115
184,SG_Kea,Kuban,2017,100
185,SG_Kalao,Kuban,2017,100
186,Zelda,Kuban,2017,94
187,OAK_MA·edok,Kuban,2017,100
188,OAK_Preskot,Kuban,2017,100
189,RZHT_Sforza,Kuban,2017,100
190,Bettina,Kuban,2017,100
191,Santana,Kuban,2017,100
192,Regina,Kuban,2017,100
193,Kleopatra,Kuban,2017,102
194,Olviya,Kuban,2017,100
195,Aldana,Kuban,2017,90
196,Svetlaya_(povt),Kuban,2017,84
197,Kasatka_(povt),Kuban,2017,84
198,Annushka,Kuban,2017,90
199,Eldorado,Kuban,2017,88
200,SibNIIK_315,Kuban,2017,85
201,Svapa,Kuban,2017,90
202,Yug_30,Kuban,2017,92
203,Paradis,Kuban,2017,90
204,Tundra,Kuban,2017,90
205,Oressa,Kuban,2017,90
206,Ros,Kuban,2017,95
207,Lira,Kuban,2017,93
208,Pripyat,Kuban,2017,90
209,Bazaliya,Kuban,2017,95
210,Major,Kuban,2017,95
211,Maksus,Kuban,2017,95
212,Senator,Kuban,2017,95
213,Lissabon,Kuban,2017,95
214,Anastasiya,Kuban,2017,95
215,KH-KH_iz_Kitaya_â„–_2,Kuban,2017,92
216,Sultana,Kuban,2017,95
217,Fortuna,Kuban,2017,95
218,Malaga,Kuban,2017,95
219,Protino,Kuban,2017,95
220,Opus,Kuban,2017,95
221,Alligator,Kuban,2017,92
222,Kioto,Kuban,2017,105
223,Asuka,Kuban,2017,112
224,Amfor,Kuban,2017,95
225,Saydina,Kuban,2017,95
226,Kardiff,Kuban,2017,95
227,Chara,Kuban,2017,95
228,Delta,Kuban,2017,105
229,SG_Pikor,Kuban,2017,105
230,Banjo,Kuban,2017,105
231,Dana,Kuban,2017,105
232,Smuglyanka,Kuban,2017,105
233,Saska,Kuban,2017,105
234,Kassidi,Kuban,2017,115
235,Kofu,Kuban,2017,115
236,Kanata,Kuban,2017,115
237,Sevilya,Kuban,2017,105
238,Nilin_/_Delta,Kuban,2017,105
239,Khlorned_(ch/sem.),Kuban,2017,120
240,Safrano,Kuban,2017,120
241,NS_Maksimus,Kuban,2017,120
242,Valyevka,Kuban,2017,120
243,Sava,Kuban,2017,115
244,Nilin,Kuban,2017,120
245,Hilario_Kunitz,Kuban,2017,115
246,KNR-12-09_R4,Kuban,2017,120
247,Izidor,Kuban,2017,120
248,Sponsor,Kuban,2017,120
249,Shuge,Kuban,2017,115
251,L-17-68,Kuban,2017,96
252,L-17-69,Kuban,2017,102
253,L-17-71,Kuban,2017,102
254,L-17-72,Kuban,2017,102
255,L-17-74,Kuban,2017,94
256,L-17-76,Kuban,2017,98
257,L-17-78,Kuban,2017,96
258,L-17-79,Kuban,2017,100
259,L-17-82,Kuban,2017,100
260,L-17-83,Kuban,2017,100
261,L-17-87,Kuban,2017,100
262,L-17-88,Kuban,2017,100
263,L-17-91,Kuban,2017,98
264,L-17-92,Kuban,2017,96
265,L-17-94,Kuban,2017,98
266,L-17-96,Kuban,2017,98
267,L-17-268,Kuban,2017,99
268,L-17-269,Kuban,2017,99
269,L-17-271,Kuban,2017,100
270,L-17-349,Kuban,2017,103
271,L-17-66,Kuban,2017,96
272,L-17-67,Kuban,2017,94
273,L-17-267,Kuban,2017,97
274,L-17-273,Kuban,2017,110
275,L-17-274,Kuban,2017,110
276,L-17-276,Kuban,2017,110
277,L-17-277,Kuban,2017,110
278,L-17-278,Kuban,2017,108
279,L-17-279,Kuban,2017,99
280,L-17-281,Kuban,2017,110
281,L-17-282,Kuban,2017,110
282,L-17-283,Kuban,2017,108
283,L-17-284,Kuban,2017,108
284,L-17-286,Kuban,2017,99
285,L-17-287,Kuban,2017,105
286,L-17-288,Kuban,2017,105
287,L-17-289,Kuban,2017,99
288,L-17-291,Kuban,2017,110
289,L-17-292,Kuban,2017,108
290,L-17-121,Kuban,2017,99
291,L-17-122,Kuban,2017,99
292,L-17-157,Kuban,2017,96
293,L-17-162,Kuban,2017,96
294,L-17-163,Kuban,2017,96
295,L-17-166,Kuban,2017,96
296,L-17-167,Kuban,2017,96
297,L-17-169,Kuban,2017,96
298,L-17-176,Kuban,2017,96
299,L-17-181,Kuban,2017,96
300,L-17-183,Kuban,2017,96
301,L-17-184,Kuban,2017,96
302,L-17-204,Kuban,2017,96
303,L-17-214,Kuban,2017,96
304,L-17-224,Kuban,2017,96
305,L-17-236,Kuban,2017,96
306,L-17-244,Kuban,2017,96
307,L-17-249,Kuban,2017,96
308,L-17-263,Kuban,2017,96
309,L-17-379,Kuban,2017,100
310,L-17-381,Kuban,2017,99
311,L-17-317,Kuban,2017,105
312,L-17-321,Kuban,2017,100
313,L-17-324,Kuban,2017,102
314,L-17-326,Kuban,2017,102
315,L-17-331,Kuban,2017,100
316,L-17-332,Kuban,2017,105
317,L-17-389,Kuban,2017,103
318,L-17-391,Kuban,2017,103
319,L-17-392,Kuban,2017,105
320,L-17-394,Kuban,2017,114
321,L-17-422,Kuban,2017,110
322,L-17-427,Kuban,2017,110
323,L-17-428,Kuban,2017,112
324,L-17-429,Kuban,2017,112
325,L-17-432,Kuban,2017,116
326,L-17-438,Kuban,2017,116
327,L-17-441,Kuban,2017,118
328,L-17-442,Kuban,2017,114
329,L-17-443,Kuban,2017,118
330,L-17-569,Kuban,2017,112
1,Korichnevaya,Kuban,2018,123
3,bez_nazvaniya_3,Kuban,2018,137
4,bez_nazvaniya_4,Kuban,2018,108
5,bez_nazvaniya_5,Kuban,2018,132
6,Amurskaya_zheltaya_42,Kuban,2018,100
7,Amurskaya_buraya_51,Kuban,2018,128
8,Ussuriyskaya_332,Kuban,2018,131
10,Ussuriyskaya_511,Kuban,2018,133
12,Rudoi,Kuban,2018,92
13,Chiaturskaya_(mestnaya),Kuban,2018,133
14,Lindarin,Kuban,2018,118
15,Tiara,Kuban,2018,113
19,Ford,Kuban,2018,131
20,Sprite,Kuban,2018,95
21,Diamond,Kuban,2018,102
22,Buk_ge,Kuban,2018,121
23,NS-L_1009,Kuban,2018,118
24,NS-L_2021,Kuban,2018,136
25,USKHI-6,Kuban,2018,108
26,Svetlaya,Kuban,2018,85
29,Varsovie,Kuban,2018,96
33,Yamajirushi_(China),Kuban,2018,135
34,Heinong_27,Kuban,2018,118
35,Mageva,Kuban,2018,86
36,Lantsetnaya,Kuban,2018,94
37,Nika,Kuban,2018,99
39,HM_648_(Rita),Kuban,2018,102
40,Milvus,Kuban,2018,99
41,Kasatka,Kuban,2018,85
42,Maleta,Kuban,2018,102
43,Karamanovka,Kuban,2018,114
44,Dun-nun_36,Kuban,2018,92
45,Chera_1,Kuban,2018,85
46,Korona_szoja,Kuban,2018,106
47,Vetsautses_brune,Kuban,2018,104
48,Zolotista,Kuban,2018,102
49,Merlin,Kuban,2018,109
50,Balkan,Kuban,2018,118
51,Velichava,Kuban,2018,123
52,Klondayk,Kuban,2018,118
53,Albina,Kuban,2018,112
55,Gratsiya,Kuban,2018,114
56,Lazurnaya,Kuban,2018,133
57,1312-17-2,Kuban,2018,85
58,1312-17-3,Kuban,2018,92
59,Cordoba,Kuban,2018,111
60,Belgorodskaya_6,Kuban,2018,104
61,Belgorodskaya_7,Kuban,2018,99
62,Belgorodskaya_8,Kuban,2018,106
63,Klavera,Kuban,2018,109
64,Amelina,Kuban,2018,107
65,Alina,Kuban,2018,111
66,Nadezhda,Kuban,2018,109
67,Zhalpaksay,Kuban,2018,111
68,Zhansaya,Kuban,2018,133
71,Perizat,Kuban,2018,118
72,Sfera,Kuban,2018,116
73,Evrika,Kuban,2018,127
74,Danaya,Kuban,2018,118
75,Danko,Kuban,2018,109
76,Sharm,Kuban,2018,133
77,Bilyavka,Kuban,2018,89
78,Zaryanitsa,Kuban,2018,87
79,Ras_20,Kuban,2018,94
80,Vilnensis,Kuban,2018,92
81,Ogemaw,Kuban,2018,100
82,Bohemians,Kuban,2018,111
83,Brunensis,Kuban,2018,108
84,Moravians,Kuban,2018,104
85,Silesia,Kuban,2018,107
86,Soyer_6,Kuban,2018,102
87,Soyer_7,Kuban,2018,97
88,Alena,Kuban,2018,104
89,Amurskaya_2113,Kuban,2018,104
90,Bylina,Kuban,2018,106
91,Vereteyka,Kuban,2018,104
92,Yevgeniya,Kuban,2018,106
93,Kitrossa,Kuban,2018,106
94,MK_100,Kuban,2018,106
95,Pepelina,Kuban,2018,104
96,Persona,Kuban,2018,98
97,Tatyana_Ryazantseva,Kuban,2018,106
98,Urkan,Kuban,2018,104
99,Legenda,Kuban,2018,86
100,Volga,Kuban,2018,110
101,Samer_1,Kuban,2018,95
102,Samer_2,Kuban,2018,99
103,Samer_3,Kuban,2018,97
104,Samer_4,Kuban,2018,104
105,Samer_5,Kuban,2018,102
106,Saaremaa,Kuban,2018,85
107,OGR_83-9,Kuban,2018,104
108,OGR_83-71,Kuban,2018,113
109,Diadema,Kuban,2018,104
110,Knyazhna,Kuban,2018,100
111,Larisa,Kuban,2018,104
112,Libid,Kuban,2018,102
113,Triada,Kuban,2018,111
115,Natsunoka,Kuban,2018,104
116,Iriston,Kuban,2018,131
117,Amazonka,Kuban,2018,106
118,Suyedina,Kuban,2018,113
119,Solena,Kuban,2018,113
120,Sireliya,Kuban,2018,111
122,Tabolinskaya_116,Kuban,2018,112
123,NS_Zoya,Kuban,2018,118
124,NS_Nataliya,Kuban,2018,107
125,NS_Atlas,Kuban,2018,118
126,NS_Vulkan,Kuban,2018,118
127,NS_Mina,Kuban,2018,118
128,Samer_4_(povt),Kuban,2018,102
129,Samer_5_(povt),Kuban,2018,102
130,Amadea,Kuban,2018,107
131,05.oaa,Kuban,2018,112
132,35-4,Kuban,2018,116
133,bez_nazvaniya_133,Kuban,2018,128
134,bez_nazvaniya_134,Kuban,2018,130
135,VAZ_100,Kuban,2018,113
136,Doza_K,Kuban,2018,104
137,Kobra,Kuban,2018,104
138,Lokus,Kuban,2018,83
139,Batya,Kuban,2018,114
140,Enn,Kuban,2018,133
141,Tankuro,Kuban,2018,137
142,L-15-0034,Kuban,2018,92
143,SK_Doka,Kuban,2018,90
144,SK_Unika,Kuban,2018,109
145,SK_Viola,Kuban,2018,136
146,Osmon,Kuban,2018,92
147,Mezenka,Kuban,2018,100
148,Avanta,Kuban,2018,92
149,Bara,Kuban,2018,94
150,Zlata,Kuban,2018,96
151,Volma,Kuban,2018,98
152,Kazachka,Kuban,2018,104
153,Georgiya,Kuban,2018,89
154,OAS_Prudens,Kuban,2018,104
155,Amigo,Kuban,2018,100
157,Puma,Kuban,2018,104
158,SK_69,Kuban,2018,102
159,SK_Farta,Kuban,2018,106
160,BGL-461,Kuban,2018,116
161,Arleta,Kuban,2018,106
162,Sparta,Kuban,2018,108
163,SK_Agra,Kuban,2018,108
164,Slaviya,Kuban,2018,112
165,Olimpiya,Kuban,2018,108
166,SK_Optima,Kuban,2018,113
167,Selekta_201,Kuban,2018,112
168,YES_Gladiator,Kuban,2018,111
169,Poltava,Kuban,2018,116
170,PR_130_900_4,Kuban,2018,111
171,SK_Veda,Kuban,2018,115
172,SK_Riana,Kuban,2018,115
173,Selekta_301,Kuban,2018,123
174,Vilana,Kuban,2018,123
175,PIN_419,Kuban,2018,123
176,Trembita,Kuban,2018,118
177,L-12-0154,Kuban,2018,116
178,KNR-12-09_R9,Kuban,2018,133
179,Selekta_302,Kuban,2018,123
180,Shama,Kuban,2018,133
181,Soriano,Kuban,2018,131
182,YES_Pallador,Kuban,2018,123
183,Solador,Kuban,2018,129
184,SG_Kea,Kuban,2018,114
185,SG_Kalao,Kuban,2018,123
186,Zelda,Kuban,2018,98
187,OAK_MA·edok,Kuban,2018,110
188,OAK_Preskot,Kuban,2018,114
189,RZHT_Sforza,Kuban,2018,107
190,Bettina,Kuban,2018,114
191,Santana,Kuban,2018,109
192,Regina,Kuban,2018,104
193,Kleopatra,Kuban,2018,113
194,Olviya,Kuban,2018,106
195,Aldana,Kuban,2018,102
196,Svetlaya_(povt),Kuban,2018,83
197,Kasatka_(povt),Kuban,2018,83
198,Annushka,Kuban,2018,92
199,Eldorado,Kuban,2018,85
200,SibNIIK_315,Kuban,2018,86
201,Svapa,Kuban,2018,91
202,Yug_30,Kuban,2018,100
203,Paradis,Kuban,2018,98
204,Tundra,Kuban,2018,100
205,Oressa,Kuban,2018,94
206,Ros,Kuban,2018,106
207,Lira,Kuban,2018,104
208,Pripyat,Kuban,2018,100
209,Bazaliya,Kuban,2018,97
210,Major,Kuban,2018,102
211,Maksus,Kuban,2018,102
212,Senator,Kuban,2018,107
213,Lissabon,Kuban,2018,110
214,Anastasiya,Kuban,2018,102
215,KH-KH_iz_Kitaya_â„–_2,Kuban,2018,102
216,Sultana,Kuban,2018,106
217,Fortuna,Kuban,2018,107
218,Malaga,Kuban,2018,107
219,Protino,Kuban,2018,110
220,Opus,Kuban,2018,113
221,Alligator,Kuban,2018,114
222,Kioto,Kuban,2018,116
223,Asuka,Kuban,2018,114
224,Amfor,Kuban,2018,111
225,Saydina,Kuban,2018,113
226,Kardiff,Kuban,2018,111
227,Chara,Kuban,2018,113
228,Delta,Kuban,2018,110
229,SG_Pikor,Kuban,2018,114
230,Banjo,Kuban,2018,118
231,Dana,Kuban,2018,118
232,Smuglyanka,Kuban,2018,116
233,Saska,Kuban,2018,109
234,Kassidi,Kuban,2018,118
235,Kofu,Kuban,2018,114
236,Kanata,Kuban,2018,115
237,Sevilya,Kuban,2018,115
238,Nilin_/_Delta,Kuban,2018,113
239,Khlorned_(ch/sem.),Kuban,2018,123
240,Safrano,Kuban,2018,133
241,NS_Maksimus,Kuban,2018,120
242,Valyevka,Kuban,2018,118
243,Sava,Kuban,2018,118
244,Nilin,Kuban,2018,131
245,Hilario_Kunitz,Kuban,2018,121
246,KNR-12-09_R4,Kuban,2018,125
247,Izidor,Kuban,2018,133
248,Sponsor,Kuban,2018,133
249,Shuge,Kuban,2018,123
251,L-17-68,Kuban,2018,98
252,L-17-69,Kuban,2018,112
253,L-17-71,Kuban,2018,113
254,L-17-72,Kuban,2018,112
255,L-17-74,Kuban,2018,100
256,L-17-76,Kuban,2018,102
257,L-17-78,Kuban,2018,100
258,L-17-79,Kuban,2018,110
259,L-17-82,Kuban,2018,110
260,L-17-83,Kuban,2018,110
261,L-17-87,Kuban,2018,110
262,L-17-88,Kuban,2018,110
263,L-17-91,Kuban,2018,102
264,L-17-92,Kuban,2018,98
265,L-17-94,Kuban,2018,102
266,L-17-96,Kuban,2018,102
267,L-17-268,Kuban,2018,110
268,L-17-269,Kuban,2018,110
269,L-17-271,Kuban,2018,109
270,L-17-349,Kuban,2018,111
271,L-17-66,Kuban,2018,96
272,L-17-67,Kuban,2018,97
273,L-17-267,Kuban,2018,100
274,L-17-273,Kuban,2018,113
275,L-17-274,Kuban,2018,110
276,L-17-276,Kuban,2018,110
277,L-17-277,Kuban,2018,113
278,L-17-278,Kuban,2018,113
279,L-17-279,Kuban,2018,110
280,L-17-281,Kuban,2018,111
281,L-17-282,Kuban,2018,109
282,L-17-283,Kuban,2018,111
283,L-17-284,Kuban,2018,111
284,L-17-286,Kuban,2018,110
285,L-17-287,Kuban,2018,113
286,L-17-288,Kuban,2018,113
287,L-17-289,Kuban,2018,110
288,L-17-291,Kuban,2018,111
289,L-17-292,Kuban,2018,111
290,L-17-121,Kuban,2018,110
291,L-17-122,Kuban,2018,110
292,L-17-157,Kuban,2018,98
293,L-17-162,Kuban,2018,98
294,L-17-163,Kuban,2018,98
295,L-17-166,Kuban,2018,98
296,L-17-167,Kuban,2018,98
297,L-17-169,Kuban,2018,98
298,L-17-176,Kuban,2018,98
299,L-17-181,Kuban,2018,98
300,L-17-183,Kuban,2018,98
301,L-17-184,Kuban,2018,98
302,L-17-204,Kuban,2018,98
303,L-17-214,Kuban,2018,98
304,L-17-224,Kuban,2018,98
305,L-17-236,Kuban,2018,98
306,L-17-244,Kuban,2018,98
307,L-17-249,Kuban,2018,98
308,L-17-263,Kuban,2018,98
309,L-17-379,Kuban,2018,109
310,L-17-381,Kuban,2018,107
311,L-17-317,Kuban,2018,109
312,L-17-321,Kuban,2018,109
313,L-17-324,Kuban,2018,110
314,L-17-326,Kuban,2018,110
315,L-17-331,Kuban,2018,109
316,L-17-332,Kuban,2018,111
317,L-17-389,Kuban,2018,114
318,L-17-391,Kuban,2018,112
319,L-17-392,Kuban,2018,111
320,L-17-394,Kuban,2018,118
321,L-17-422,Kuban,2018,119
322,L-17-427,Kuban,2018,112
323,L-17-428,Kuban,2018,115
324,L-17-429,Kuban,2018,115
325,L-17-432,Kuban,2018,118
326,L-17-438,Kuban,2018,118
327,L-17-441,Kuban,2018,131
328,L-17-442,Kuban,2018,114
329,L-17-443,Kuban,2018,129
330,L-17-569,Kuban,2018,116
1,Korichnevaya,Kuban,2019,108
3,bez_nazvaniya_3,Kuban,2019,122
4,bez_nazvaniya_4,Kuban,2019,101
5,bez_nazvaniya_5,Kuban,2019,120
6,Amurskaya_zheltaya_42,Kuban,2019,92
7,Amurskaya_buraya_51,Kuban,2019,118
8,Ussuriyskaya_332,Kuban,2019,120
10,Ussuriyskaya_511,Kuban,2019,122
12,Rudoi,Kuban,2019,80
13,Chiaturskaya_(mestnaya),Kuban,2019,122
14,Lindarin,Kuban,2019,114
15,Tiara,Kuban,2019,101
19,Ford,Kuban,2019,115
20,Sprite,Kuban,2019,84
21,Diamond,Kuban,2019,97
22,Buk_ge,Kuban,2019,108
23,NS-L_1009,Kuban,2019,104
24,NS-L_2021,Kuban,2019,108
25,USKHI-6,Kuban,2019,82
26,Svetlaya,Kuban,2019,73
29,Varsovie,Kuban,2019,85
33,Yamajirushi_(China),Kuban,2019,122
34,Heinong_27,Kuban,2019,106
35,Mageva,Kuban,2019,83
36,Lantsetnaya,Kuban,2019,77
37,Nika,Kuban,2019,86
39,HM_648_(Rita),Kuban,2019,81
40,Milvus,Kuban,2019,80
41,Kasatka,Kuban,2019,73
42,Maleta,Kuban,2019,97
43,Karamanovka,Kuban,2019,106
44,Dun-nun_36,Kuban,2019,82
45,Chera_1,Kuban,2019,77
46,Korona_szoja,Kuban,2019,97
47,Vetsautses_brune,Kuban,2019,92
48,Zolotista,Kuban,2019,83
49,Merlin,Kuban,2019,97
50,Balkan,Kuban,2019,106
51,Velichava,Kuban,2019,117
52,Klondayk,Kuban,2019,114
53,Albina,Kuban,2019,99
55,Gratsiya,Kuban,2019,92
56,Lazurnaya,Kuban,2019,122
57,1312-17-2,Kuban,2019,72
58,1312-17-3,Kuban,2019,84
59,Cordoba,Kuban,2019,99
60,Belgorodskaya_6,Kuban,2019,90
61,Belgorodskaya_7,Kuban,2019,92
62,Belgorodskaya_8,Kuban,2019,94
63,Klavera,Kuban,2019,98
64,Amelina,Kuban,2019,101
65,Alina,Kuban,2019,101
66,Nadezhda,Kuban,2019,98
67,Zhalpaksay,Kuban,2019,102
68,Zhansaya,Kuban,2019,121
71,Perizat,Kuban,2019,109
72,Sfera,Kuban,2019,117
73,Evrika,Kuban,2019,116
74,Danaya,Kuban,2019,109
75,Danko,Kuban,2019,98
76,Sharm,Kuban,2019,102
77,Bilyavka,Kuban,2019,83
78,Zaryanitsa,Kuban,2019,79
79,Ras_20,Kuban,2019,82
80,Vilnensis,Kuban,2019,84
81,Ogemaw,Kuban,2019,90
82,Bohemians,Kuban,2019,102
83,Brunensis,Kuban,2019,98
84,Moravians,Kuban,2019,91
85,Silesia,Kuban,2019,97
86,Soyer_6,Kuban,2019,91
87,Soyer_7,Kuban,2019,83
88,Alena,Kuban,2019,94
89,Amurskaya_2113,Kuban,2019,94
90,Bylina,Kuban,2019,92
91,Vereteyka,Kuban,2019,83
92,Yevgeniya,Kuban,2019,91
93,Kitrossa,Kuban,2019,99
94,MK_100,Kuban,2019,92
95,Pepelina,Kuban,2019,83
96,Persona,Kuban,2019,89
97,Tatyana_Ryazantseva,Kuban,2019,97
98,Urkan,Kuban,2019,96
99,Legenda,Kuban,2019,80
100,Volga,Kuban,2019,99
101,Samer_1,Kuban,2019,80
102,Samer_2,Kuban,2019,81
103,Samer_3,Kuban,2019,81
104,Samer_4,Kuban,2019,89
105,Samer_5,Kuban,2019,91
106,Saaremaa,Kuban,2019,78
107,OGR_83-9,Kuban,2019,96
108,OGR_83-71,Kuban,2019,106
109,Diadema,Kuban,2019,114
110,Knyazhna,Kuban,2019,99
111,Larisa,Kuban,2019,89
112,Libid,Kuban,2019,86
113,Triada,Kuban,2019,102
115,Natsunoka,Kuban,2019,92
116,Iriston,Kuban,2019,115
117,Amazonka,Kuban,2019,94
118,Suyedina,Kuban,2019,98
119,Solena,Kuban,2019,98
120,Sireliya,Kuban,2019,98
121,Lider_1,Kuban,2019,NA
122,Tabolinskaya_116,Kuban,2019,107
123,NS_Zoya,Kuban,2019,114
124,NS_Nataliya,Kuban,2019,101
125,NS_Atlas,Kuban,2019,114
126,NS_Vulkan,Kuban,2019,109
127,NS_Mina,Kuban,2019,109
128,Samer_4_(povt),Kuban,2019,89
129,Samer_5_(povt),Kuban,2019,94
130,Amadea,Kuban,2019,101
131,05.oaa,Kuban,2019,106
132,35-4,Kuban,2019,108
133,bez_nazvaniya_133,Kuban,2019,120
134,bez_nazvaniya_134,Kuban,2019,122
135,VAZ_100,Kuban,2019,99
136,Doza_K,Kuban,2019,99
137,Kobra,Kuban,2019,96
138,Lokus,Kuban,2019,75
139,Batya,Kuban,2019,108
140,Enn,Kuban,2019,118
141,Tankuro,Kuban,2019,123
142,L-15-0034,Kuban,2019,79
143,SK_Doka,Kuban,2019,77
144,SK_Unika,Kuban,2019,91
145,SK_Viola,Kuban,2019,116
146,Osmon,Kuban,2019,77
147,Mezenka,Kuban,2019,75
148,Avanta,Kuban,2019,79
149,Bara,Kuban,2019,80
150,Zlata,Kuban,2019,80
151,Volma,Kuban,2019,79
152,Kazachka,Kuban,2019,89
153,Georgiya,Kuban,2019,77
154,OAS_Prudens,Kuban,2019,85
155,Amigo,Kuban,2019,87
157,Puma,Kuban,2019,94
158,SK_69,Kuban,2019,93
159,SK_Farta,Kuban,2019,89
160,BGL-461,Kuban,2019,110
161,Arleta,Kuban,2019,91
162,Sparta,Kuban,2019,97
163,SK_Agra,Kuban,2019,96
164,Slaviya,Kuban,2019,100
165,Olimpiya,Kuban,2019,99
166,SK_Optima,Kuban,2019,106
167,Selekta_201,Kuban,2019,104
168,YES_Gladiator,Kuban,2019,104
169,Poltava,Kuban,2019,112
170,PR_130_900_4,Kuban,2019,101
171,SK_Veda,Kuban,2019,108
172,SK_Riana,Kuban,2019,108
173,Selekta_301,Kuban,2019,114
174,Vilana,Kuban,2019,110
175,PIN_419,Kuban,2019,109
176,Trembita,Kuban,2019,116
177,L-12-0154,Kuban,2019,111
178,KNR-12-09_R9,Kuban,2019,118
179,Selekta_302,Kuban,2019,114
180,Shama,Kuban,2019,117
181,Soriano,Kuban,2019,117
182,YES_Pallador,Kuban,2019,118
183,Solador,Kuban,2019,119
184,SG_Kea,Kuban,2019,110
185,SG_Kalao,Kuban,2019,115
186,Zelda,Kuban,2019,83
187,OAK_MA·edok,Kuban,2019,101
188,OAK_Preskot,Kuban,2019,108
189,RZHT_Sforza,Kuban,2019,97
190,Bettina,Kuban,2019,110
191,Santana,Kuban,2019,100
192,Regina,Kuban,2019,99
193,Kleopatra,Kuban,2019,106
194,Olviya,Kuban,2019,99
195,Aldana,Kuban,2019,90
196,Svetlaya_(povt),Kuban,2019,77
197,Kasatka_(povt),Kuban,2019,75
198,Annushka,Kuban,2019,77
199,Eldorado,Kuban,2019,77
200,SibNIIK_315,Kuban,2019,75
201,Svapa,Kuban,2019,82
202,Yug_30,Kuban,2019,82
203,Paradis,Kuban,2019,81
204,Tundra,Kuban,2019,87
205,Oressa,Kuban,2019,85
206,Ros,Kuban,2019,85
207,Lira,Kuban,2019,91
208,Pripyat,Kuban,2019,84
209,Bazaliya,Kuban,2019,84
210,Major,Kuban,2019,89
211,Maksus,Kuban,2019,87
212,Senator,Kuban,2019,96
213,Lissabon,Kuban,2019,98
214,Anastasiya,Kuban,2019,92
215,KH-KH_iz_Kitaya_â„–_2,Kuban,2019,85
216,Sultana,Kuban,2019,87
217,Fortuna,Kuban,2019,106
218,Malaga,Kuban,2019,98
219,Protino,Kuban,2019,98
220,Opus,Kuban,2019,98
221,Alligator,Kuban,2019,97
222,Kioto,Kuban,2019,109
223,Asuka,Kuban,2019,113
224,Amfor,Kuban,2019,97
225,Saydina,Kuban,2019,101
226,Kardiff,Kuban,2019,109
227,Chara,Kuban,2019,101
228,Delta,Kuban,2019,104
229,SG_Pikor,Kuban,2019,104
230,Banjo,Kuban,2019,114
231,Dana,Kuban,2019,107
232,Smuglyanka,Kuban,2019,109
233,Saska,Kuban,2019,100
234,Kassidi,Kuban,2019,114
235,Kofu,Kuban,2019,109
236,Kanata,Kuban,2019,114
237,Sevilya,Kuban,2019,109
238,Nilin_/_Delta,Kuban,2019,108
239,Khlorned_(ch/sem.),Kuban,2019,116
240,Safrano,Kuban,2019,116
241,NS_Maksimus,Kuban,2019,114
242,Valyevka,Kuban,2019,109
243,Sava,Kuban,2019,116
244,Nilin,Kuban,2019,114
245,Hilario_Kunitz,Kuban,2019,115
246,KNR-12-09_R4,Kuban,2019,117
247,Izidor,Kuban,2019,120
248,Sponsor,Kuban,2019,118
249,Shuge,Kuban,2019,114
251,L-17-68,Kuban,2019,86
252,L-17-69,Kuban,2019,94
253,L-17-71,Kuban,2019,94
254,L-17-72,Kuban,2019,94
255,L-17-74,Kuban,2019,96
256,L-17-76,Kuban,2019,96
257,L-17-78,Kuban,2019,96
258,L-17-79,Kuban,2019,96
259,L-17-82,Kuban,2019,96
260,L-17-83,Kuban,2019,96
261,L-17-87,Kuban,2019,96
262,L-17-88,Kuban,2019,96
263,L-17-91,Kuban,2019,96
264,L-17-92,Kuban,2019,96
265,L-17-94,Kuban,2019,96
266,L-17-96,Kuban,2019,96
267,L-17-268,Kuban,2019,96
268,L-17-269,Kuban,2019,96
269,L-17-271,Kuban,2019,96
270,L-17-349,Kuban,2019,99
271,L-17-66,Kuban,2019,86
272,L-17-67,Kuban,2019,84
273,L-17-267,Kuban,2019,96
274,L-17-273,Kuban,2019,99
275,L-17-274,Kuban,2019,99
276,L-17-276,Kuban,2019,99
277,L-17-277,Kuban,2019,99
278,L-17-278,Kuban,2019,99
279,L-17-279,Kuban,2019,96
280,L-17-281,Kuban,2019,99
281,L-17-282,Kuban,2019,96
282,L-17-283,Kuban,2019,99
283,L-17-284,Kuban,2019,99
284,L-17-286,Kuban,2019,96
285,L-17-287,Kuban,2019,99
286,L-17-288,Kuban,2019,99
287,L-17-289,Kuban,2019,96
288,L-17-291,Kuban,2019,99
289,L-17-292,Kuban,2019,99
290,L-17-121,Kuban,2019,96
291,L-17-122,Kuban,2019,96
292,L-17-157,Kuban,2019,96
293,L-17-162,Kuban,2019,96
294,L-17-163,Kuban,2019,96
295,L-17-166,Kuban,2019,90
296,L-17-167,Kuban,2019,96
297,L-17-169,Kuban,2019,96
298,L-17-176,Kuban,2019,96
299,L-17-181,Kuban,2019,96
300,L-17-183,Kuban,2019,96
301,L-17-184,Kuban,2019,96
302,L-17-204,Kuban,2019,96
303,L-17-214,Kuban,2019,96
304,L-17-224,Kuban,2019,96
305,L-17-236,Kuban,2019,96
306,L-17-244,Kuban,2019,96
307,L-17-249,Kuban,2019,96
308,L-17-263,Kuban,2019,96
309,L-17-379,Kuban,2019,96
310,L-17-381,Kuban,2019,96
311,L-17-317,Kuban,2019,99
312,L-17-321,Kuban,2019,99
313,L-17-324,Kuban,2019,99
314,L-17-326,Kuban,2019,99
315,L-17-331,Kuban,2019,99
316,L-17-332,Kuban,2019,99
317,L-17-389,Kuban,2019,99
318,L-17-391,Kuban,2019,99
319,L-17-392,Kuban,2019,99
320,L-17-394,Kuban,2019,99
321,L-17-422,Kuban,2019,99
322,L-17-427,Kuban,2019,99
323,L-17-428,Kuban,2019,99
324,L-17-429,Kuban,2019,99
325,L-17-432,Kuban,2019,99
326,L-17-438,Kuban,2019,99
327,L-17-441,Kuban,2019,99
328,L-17-442,Kuban,2019,99
329,L-17-443,Kuban,2019,99
330,L-17-569,Kuban,2019,99
39,HM_648_(Rita),Kuban,2020,101
45,Chera_1,Kuban,2020,100
48,Zolotista,Kuban,2020,102
52,Klondayk,Kuban,2020,131
63,Klavera,Kuban,2020,112
65,Alina,Kuban,2020,113
72,Sfera,Kuban,2020,126
78,Zaryanitsa,Kuban,2020,100
84,Moravians,Kuban,2020,106
93,Kitrossa,Kuban,2020,110
100,Volga,Kuban,2020,113
101,Samer_1,Kuban,2020,106
102,Samer_2,Kuban,2020,104
103,Samer_3,Kuban,2020,106
104,Samer_4,Kuban,2020,103
105,Samer_5,Kuban,2020,106
117,Amazonka,Kuban,2020,108
118,Suyedina,Kuban,2020,108
119,Solena,Kuban,2020,108
120,Sireliya,Kuban,2020,108
121,Lider_1,Kuban,2020,104
122,Tabolinskaya_116,Kuban,2020,118
124,NS_Nataliya,Kuban,2020,111
127,NS_Mina,Kuban,2020,119
139,Batya,Kuban,2020,115
143,SK_Doka,Kuban,2020,94
144,SK_Unika,Kuban,2020,106
146,Osmon,Kuban,2020,98
147,Mezenka,Kuban,2020,97
148,Avanta,Kuban,2020,97
149,Bara,Kuban,2020,97
151,Volma,Kuban,2020,97
152,Kazachka,Kuban,2020,106
154,OAS_Prudens,Kuban,2020,103
155,Amigo,Kuban,2020,102
157,Puma,Kuban,2020,106
158,SK_69,Kuban,2020,102
159,SK_Farta,Kuban,2020,104
161,Arleta,Kuban,2020,103
162,Sparta,Kuban,2020,108
163,SK_Agra,Kuban,2020,108
164,Slaviya,Kuban,2020,114
165,Olimpiya,Kuban,2020,112
166,SK_Optima,Kuban,2020,115
167,Selekta_201,Kuban,2020,113
168,YES_Gladiator,Kuban,2020,114
170,PR_130_900_4,Kuban,2020,113
171,SK_Veda,Kuban,2020,115
172,SK_Riana,Kuban,2020,117
173,Selekta_301,Kuban,2020,120
174,Vilana,Kuban,2020,120
175,PIN_419,Kuban,2020,123
176,Trembita,Kuban,2020,128
179,Selekta_302,Kuban,2020,120
180,Shama,Kuban,2020,125
181,Soriano,Kuban,2020,120
182,YES_Pallador,Kuban,2020,129
183,Solador,Kuban,2020,121
185,SG_Kalao,Kuban,2020,119
186,Zelda,Kuban,2020,104
187,OAK_MA·edok,Kuban,2020,108
189,RZHT_Sforza,Kuban,2020,108
190,Bettina,Kuban,2020,117
191,Santana,Kuban,2020,108
192,Regina,Kuban,2020,110
193,Kleopatra,Kuban,2020,113
194,Olviya,Kuban,2020,110
198,Annushka,Kuban,2020,97
201,Svapa,Kuban,2020,98
203,Paradis,Kuban,2020,100
205,Oressa,Kuban,2020,97
207,Lira,Kuban,2020,100
208,Pripyat,Kuban,2020,101
209,Bazaliya,Kuban,2020,106
210,Major,Kuban,2020,104
212,Senator,Kuban,2020,112
213,Lissabon,Kuban,2020,109
218,Malaga,Kuban,2020,110
219,Protino,Kuban,2020,110
220,Opus,Kuban,2020,110
221,Alligator,Kuban,2020,109
222,Kioto,Kuban,2020,117
223,Asuka,Kuban,2020,111
224,Amfor,Kuban,2020,108
225,Saydina,Kuban,2020,108
227,Chara,Kuban,2020,114
228,Delta,Kuban,2020,119
229,SG_Pikor,Kuban,2020,114
233,Saska,Kuban,2020,113
234,Kassidi,Kuban,2020,117
235,Kofu,Kuban,2020,115
236,Kanata,Kuban,2020,120
238,Nilin_/_Delta,Kuban,2020,112
239,Khlorned_(ch/sem.),Kuban,2020,119
240,Safrano,Kuban,2020,120
243,Sava,Kuban,2020,120
244,Nilin,Kuban,2020,123
249,Shuge,Kuban,2020,119
39,HM_648_(Rita),Kuban,2021,81
45,Chera_1,Kuban,2021,74
48,Zolotista,Kuban,2021,80
52,Klondayk,Kuban,2021,132
63,Klavera,Kuban,2021,114
67,Zhalpaksay,Kuban,2021,108
72,Sfera,Kuban,2021,134
84,Moravians,Kuban,2021,90
101,Samer_1,Kuban,2021,77
102,Samer_2,Kuban,2021,78
103,Samer_3,Kuban,2021,81
104,Samer_4,Kuban,2021,86
105,Samer_5,Kuban,2021,84
117,Amazonka,Kuban,2021,116
118,Suyedina,Kuban,2021,82
119,Solena,Kuban,2021,81
120,Sireliya,Kuban,2021,84
121,Lider_1,Kuban,2021,80
122,Tabolinskaya_116,Kuban,2021,122
123,NS_Zoya,Kuban,2021,NA
124,NS_Nataliya,Kuban,2021,118
127,NS_Mina,Kuban,2021,132
139,Batya,Kuban,2021,90
143,SK_Doka,Kuban,2021,79
144,SK_Unika,Kuban,2021,104
145,SK_Viola,Kuban,2021,118
148,Avanta,Kuban,2021,81
149,Bara,Kuban,2021,83
151,Volma,Kuban,2021,80
152,Kazachka,Kuban,2021,86
154,OAS_Prudens,Kuban,2021,81
155,Amigo,Kuban,2021,92
157,Puma,Kuban,2021,98
159,SK_Farta,Kuban,2021,87
161,Arleta,Kuban,2021,101
162,Sparta,Kuban,2021,101
163,SK_Agra,Kuban,2021,104
164,Slaviya,Kuban,2021,118
165,Olimpiya,Kuban,2021,116
166,SK_Optima,Kuban,2021,116
167,Selekta_201,Kuban,2021,116
168,YES_Gladiator,Kuban,2021,112
171,SK_Veda,Kuban,2021,112
172,SK_Riana,Kuban,2021,116
173,Selekta_301,Kuban,2021,126
174,Vilana,Kuban,2021,122
175,PIN_419,Kuban,2021,130
176,Trembita,Kuban,2021,124
179,Selekta_302,Kuban,2021,130
180,Shama,Kuban,2021,126
181,Soriano,Kuban,2021,126
182,YES_Pallador,Kuban,2021,130
185,SG_Kalao,Kuban,2021,111
186,Zelda,Kuban,2021,81
187,OAK_MA·edok,Kuban,2021,93
189,RZHT_Sforza,Kuban,2021,84
190,Bettina,Kuban,2021,126
191,Santana,Kuban,2021,83
193,Kleopatra,Kuban,2021,104
194,Olviya,Kuban,2021,112
198,Annushka,Kuban,2021,79
201,Svapa,Kuban,2021,80
203,Paradis,Kuban,2021,78
205,Oressa,Kuban,2021,81
207,Lira,Kuban,2021,86
208,Pripyat,Kuban,2021,81
209,Bazaliya,Kuban,2021,92
212,Senator,Kuban,2021,118
213,Lissabon,Kuban,2021,112
218,Malaga,Kuban,2021,103
220,Opus,Kuban,2021,118
221,Alligator,Kuban,2021,122
222,Kioto,Kuban,2021,130
224,Amfor,Kuban,2021,122
225,Saydina,Kuban,2021,114
227,Chara,Kuban,2021,126
228,Delta,Kuban,2021,122
233,Saska,Kuban,2021,116
234,Kassidi,Kuban,2021,120
235,Kofu,Kuban,2021,122
236,Kanata,Kuban,2021,130
238,Nilin_/_Delta,Kuban,2021,116
243,Sava,Kuban,2021,112
244,Nilin,Kuban,2021,118
312,L-17-321,Kuban,2021,101
196,Svetlaya,Chernosem,2018,88
197,Kasatka,Chernosem,2018,88
200,SibNIIK_315,Chernosem,2018,88
153,Georgiya,Chernosem,2018,96
199,Eldorado,Chernosem,2018,96
151,Volma,Chernosem,2018,101
198,Annushka,Chernosem,2018,96
203,Paradis,Chernosem,2018,96
142,L-15-0034,Chernosem,2018,97
143,SK_Doka,Chernosem,2018,99
146,Osmon,Chernosem,2018,101
205,Oressa,Chernosem,2018,99
271,L-17-66,Chernosem,2018,101
272,L-17-67,Chernosem,2018,101
148,Avanta,Chernosem,2018,101
149,Bara,Chernosem,2018,101
150,Zlata,Chernosem,2018,101
201,Svapa,Chernosem,2018,101
147,Mezenka,Chernosem,2018,102
251,L-17-68,Chernosem,2018,104
255,L-17-74,Chernosem,2018,104
261,L-17-87,Chernosem,2018,116
262,L-17-88,Chernosem,2018,116
264,L-17-92,Chernosem,2018,102
265,L-17-94,Chernosem,2018,112
186,Zelda,Chernosem,2018,102
202,Yug_30,Chernosem,2018,101
208,Pripyat,Chernosem,2018,104
195,Aldana,Chernosem,2018,110
204,Tundra,Chernosem,2018,104
210,Major,Chernosem,2018,109
152,Kazachka,Chernosem,2018,101
154,OAS_Prudens,Chernosem,2018,106
157,Puma,Chernosem,2018,108
207,Lira,Chernosem,2018,101
209,Bazaliya,Chernosem,2018,102
211,Maksus,Chernosem,2018,111
155,Amigo,Chernosem,2018,110
159,SK_Farta,Chernosem,2018,108
257,L-17-78,Chernosem,2018,108
259,L-17-82,Chernosem,2018,116
158,SK_69,Chernosem,2018,110
216,Sultana,Chernosem,2018,115
256,L-17-76,Chernosem,2018,112
258,L-17-79,Chernosem,2018,116
266,L-17-96,Chernosem,2018,112
267,L-17-268,Chernosem,2018,116
268,L-17-269,Chernosem,2018,116
269,L-17-271,Chernosem,2018,116
161,Arleta,Chernosem,2018,115
187,OAK_MÂ·edok,Chernosem,2018,116
215,KH-KH_iz_Kitaya_â„–_2,Chernosem,2018,112
260,L-17-83,Chernosem,2018,116
192,Regina,Chernosem,2018,112
206,Ros,Chernosem,2018,110
144,SK_Unika,Chernosem,2018,116
191,Santana,Chernosem,2018,116
213,Lissabon,Chernosem,2018,116
162,Sparta,Chernosem,2018,115
212,Senator,Chernosem,2018,115
273,L-17-267,Chernosem,2018,110
189,RZHT_Sforza,Chernosem,2018,115
291,L-17-122,Chernosem,2018,116
163,SK_Agra,Chernosem,2018,116
224,Amfor,Chernosem,2018,116
218,Malaga,Chernosem,2018,116
219,Protina,Chernosem,2018,116
275,L-17-274,Chernosem,2018,116
290,L-17-121,Chernosem,2018,116
292,L-17-157,Chernosem,2018,111
214,Anastasiya,Chernosem,2018,108
263,L-17-91,Chernosem,2018,112
276,L-17-276,Chernosem,2018,116
279,L-17-279,Chernosem,2018,116
287,L-17-289,Chernosem,2018,116
293,L-17-162,Chernosem,2018,111
294,L-17-163,Chernosem,2018,111
295,L-17-166,Chernosem,2018,111
296,L-17-167,Chernosem,2018,111
297,L-17-169,Chernosem,2018,111
298,L-17-176,Chernosem,2018,111
299,L-17-181,Chernosem,2018,111
300,L-17-183,Chernosem,2018,111
301,L-17-184,Chernosem,2018,111
302,L-17-204,Chernosem,2018,111
303,L-17-214,Chernosem,2018,111
304,L-17-224,Chernosem,2018,111
305,L-17-236,Chernosem,2018,111
306,L-17-244,Chernosem,2018,111
307,L-17-249,Chernosem,2018,111
308,L-17-263,Chernosem,2018,111
310,L-17-381,Chernosem,2018,116
165,Olimpiya,Chernosem,2018,116
284,L-17-286,Chernosem,2018,116
309,L-17-379,Chernosem,2018,116
312,L-17-321,Chernosem,2018,116
281,L-17-282,Chernosem,2018,116
194,Olviya,Chernosem,2018,115
217,Fortuna,Chernosem,2018,116
228,Delta,Chernosem,2018,116
233,Saska,Chernosem,2018,116
311,L-17-317,Chernosem,2018,116
313,L-17-324,Chernosem,2018,116
314,L-17-326,Chernosem,2018,116
315,L-17-331,Chernosem,2018,116
26,Svetlaya,Chernosem,2019,83
41,Kasatka,Chernosem,2019,83
57,1312-17-2,Chernosem,2019,83
196,Svetlaya,Chernosem,2019,83
197,Kasatka,Chernosem,2019,83
200,SibNIIK_315,Chernosem,2019,84
153,Georgiya,Chernosem,2019,86
199,Eldorado,Chernosem,2019,87
45,Chera_1,Chernosem,2019,88
40,Milvus,Chernosem,2019,89
44,Dun-nun_36,Chernosem,2019,89
78,Zaryanitsa,Chernosem,2019,89
106,Saaremaa,Chernosem,2019,89
58,1312-17-3,Chernosem,2019,90
35,Mageva,Chernosem,2019,91
36,Lantsetnaya,Chernosem,2019,91
77,Bilyavka,Chernosem,2019,91
151,Volma,Chernosem,2019,91
198,Annushka,Chernosem,2019,91
203,Paradis,Chernosem,2019,91
99,Legenda,Chernosem,2019,93
101,Samer_1,Chernosem,2019,93
142,L-15-0034,Chernosem,2019,93
143,SK_Doka,Chernosem,2019,93
146,Osmon,Chernosem,2019,93
205,Oressa,Chernosem,2019,93
39,HM_648_(Rita),Chernosem,2019,94
271,L-17-66,Chernosem,2019,94
272,L-17-67,Chernosem,2019,94
148,Avanta,Chernosem,2019,95
149,Bara,Chernosem,2019,95
150,Zlata,Chernosem,2019,95
201,Svapa,Chernosem,2019,95
29,Varsovie,Chernosem,2019,96
80,Vilnensis,Chernosem,2019,96
87,Soyer_7,Chernosem,2019,96
147,Mezenka,Chernosem,2019,96
251,L-17-68,Chernosem,2019,96
255,L-17-74,Chernosem,2019,96
261,L-17-87,Chernosem,2019,96
262,L-17-88,Chernosem,2019,96
264,L-17-92,Chernosem,2019,96
265,L-17-94,Chernosem,2019,96
12,Rudoi,Chernosem,2019,97
79,Ras_20,Chernosem,2019,97
103,Samer_3,Chernosem,2019,97
186,Zelda,Chernosem,2019,97
202,Yug_30,Chernosem,2019,97
208,Pripyat,Chernosem,2019,97
195,Aldana,Chernosem,2019,98
204,Tundra,Chernosem,2019,98
210,Major,Chernosem,2019,98
20,Sprite,Chernosem,2019,100
25,USKHI-6,Chernosem,2019,100
48,Zolotista,Chernosem,2019,100
61,Belgorodskaya_7,Chernosem,2019,101
82,Bohemians,Chernosem,2019,101
102,Samer_2,Chernosem,2019,101
112,Libid,Chernosem,2019,101
152,Kazachka,Chernosem,2019,101
154,OAS_Prudens,Chernosem,2019,101
157,Puma,Chernosem,2019,101
207,Lira,Chernosem,2019,101
209,Bazaliya,Chernosem,2019,101
211,Maksus,Chernosem,2019,102
121,Lider_1,Chernosem,2019,103
155,Amigo,Chernosem,2019,103
159,SK_Farta,Chernosem,2019,103
257,L-17-78,Chernosem,2019,103
259,L-17-82,Chernosem,2019,103
6,Amurskaya_zheltaya_42,Chernosem,2019,104
37,Nika,Chernosem,2019,104
81,Ogemaw,Chernosem,2019,104
84,Moravians,Chernosem,2019,104
96,Persona,Chernosem,2019,104
117,Amazonka,Chernosem,2019,104
158,SK_69,Chernosem,2019,104
60,Belgorodskaya_6,Chernosem,2019,105
216,Sultana,Chernosem,2019,105
256,L-17-76,Chernosem,2019,105
258,L-17-79,Chernosem,2019,105
266,L-17-96,Chernosem,2019,105
267,L-17-268,Chernosem,2019,105
268,L-17-269,Chernosem,2019,105
269,L-17-271,Chernosem,2019,105
86,Soyer_6,Chernosem,2019,106
91,Vereteyka,Chernosem,2019,106
104,Samer_4,Chernosem,2019,106
105,Samer_5,Chernosem,2019,106
111,Larisa,Chernosem,2019,106
129,Samer_5,Chernosem,2019,106
161,Arleta,Chernosem,2019,106
42,Maleta,Chernosem,2019,107
85,Silesia,Chernosem,2019,107
128,Samer_4,Chernosem,2019,107
187,OAK_MÂ·edok,Chernosem,2019,107
215,KH-KH_iz_Kitaya_â„–_2,Chernosem,2019,107
260,L-17-83,Chernosem,2019,107
49,Merlin,Chernosem,2019,108
109,Diadema,Chernosem,2019,108
120,Sireliya,Chernosem,2019,108
192,Regina,Chernosem,2019,108
206,Ros,Chernosem,2019,108
83,Brunensis,Chernosem,2019,109
115,Natsunoka,Chernosem,2019,109
144,SK_Unika,Chernosem,2019,109
191,Santana,Chernosem,2019,109
213,Lissabon,Chernosem,2019,109
46,Korona_szoja,Chernosem,2019,110
162,Sparta,Chernosem,2019,110
212,Senator,Chernosem,2019,110
273,L-17-267,Chernosem,2019,110
98,Urkan,Chernosem,2019,111
107,OGR_83-9,Chernosem,2019,111
189,RZHT_Sforza,Chernosem,2019,111
291,L-17-122,Chernosem,2019,111
59,Cordoba,Chernosem,2019,112
62,Belgorodskaya_8,Chernosem,2019,112
163,SK_Agra,Chernosem,2019,112
224,Amfor,Chernosem,2019,112
218,Malaga,Chernosem,2019,113
219,Protina,Chernosem,2019,113
275,L-17-274,Chernosem,2019,113
290,L-17-121,Chernosem,2019,113
292,L-17-157,Chernosem,2019,113
47,Vetsautses_brune,Chernosem,2019,114
90,Bylina,Chernosem,2019,114
92,Yevgeniya,Chernosem,2019,114
97,Tatyana_Ryazantseva,Chernosem,2019,114
214,Anastasiya,Chernosem,2019,114
263,L-17-91,Chernosem,2019,114
276,L-17-276,Chernosem,2019,114
279,L-17-279,Chernosem,2019,114
287,L-17-289,Chernosem,2019,114
293,L-17-162,Chernosem,2019,114
294,L-17-163,Chernosem,2019,114
295,L-17-166,Chernosem,2019,114
296,L-17-167,Chernosem,2019,114
297,L-17-169,Chernosem,2019,114
298,L-17-176,Chernosem,2019,114
299,L-17-181,Chernosem,2019,114
300,L-17-183,Chernosem,2019,114
301,L-17-184,Chernosem,2019,114
302,L-17-204,Chernosem,2019,114
303,L-17-214,Chernosem,2019,114
304,L-17-224,Chernosem,2019,114
305,L-17-236,Chernosem,2019,114
306,L-17-244,Chernosem,2019,114
307,L-17-249,Chernosem,2019,114
308,L-17-263,Chernosem,2019,114
310,L-17-381,Chernosem,2019,114
89,Amurskaya_2113,Chernosem,2019,115
94,MK_100,Chernosem,2019,115
110,Knyazhna,Chernosem,2019,115
130,Amadea,Chernosem,2019,115
165,Olimpiya,Chernosem,2019,115
284,L-17-286,Chernosem,2019,115
309,L-17-379,Chernosem,2019,115
312,L-17-321,Chernosem,2019,115
21,Diamond,Chernosem,2019,116
95,Pepelina,Chernosem,2019,116
281,L-17-282,Chernosem,2019,116
88,Alena,Chernosem,2019,117
124,NS_Nataliya,Chernosem,2019,117
194,Olviya,Chernosem,2019,117
217,Fortuna,Chernosem,2019,117
228,Delta,Chernosem,2019,117
233,Saska,Chernosem,2019,117
311,L-17-317,Chernosem,2019,117
93,Kitrossa,Chernosem,2019,120
100,Volga,Chernosem,2019,120
113,Triada,Chernosem,2019,120
313,L-17-324,Chernosem,2019,120
314,L-17-326,Chernosem,2019,120
315,L-17-331,Chernosem,2019,120
26,Svetlaya,Chernosem,2020,82
41,Kasatka,Chernosem,2020,80
196,Svetlaya,Chernosem,2020,82
197,Kasatka,Chernosem,2020,80
200,SibNIIK_315,Chernosem,2020,84
153,Georgiya,Chernosem,2020,86
199,Eldorado,Chernosem,2020,86
45,Chera_1,Chernosem,2020,81
40,Milvus,Chernosem,2020,88
106,Saaremaa,Chernosem,2020,86
36,Lantsetnaya,Chernosem,2020,90
77,Bilyavka,Chernosem,2020,91
151,Volma,Chernosem,2020,90
198,Annushka,Chernosem,2020,90
203,Paradis,Chernosem,2020,88
99,Legenda,Chernosem,2020,86
101,Samer_1,Chernosem,2020,98
143,SK_Doka,Chernosem,2020,90
146,Osmon,Chernosem,2020,90
205,Oressa,Chernosem,2020,90
39,HM_648_(Rita),Chernosem,2020,86
148,Avanta,Chernosem,2020,91
149,Bara,Chernosem,2020,94
150,Zlata,Chernosem,2020,92
201,Svapa,Chernosem,2020,90
29,Varsovie,Chernosem,2020,90
87,Soyer_7,Chernosem,2020,92
147,Mezenka,Chernosem,2020,90
186,Zelda,Chernosem,2020,94
202,Yug_30,Chernosem,2020,93
208,Pripyat,Chernosem,2020,97
210,Major,Chernosem,2020,92
25,USKHI-6,Chernosem,2020,86
61,Belgorodskaya_7,Chernosem,2020,101
82,Bohemians,Chernosem,2020,102
102,Samer_2,Chernosem,2020,102
152,Kazachka,Chernosem,2020,101
154,OAS_Prudens,Chernosem,2020,101
157,Puma,Chernosem,2020,102
207,Lira,Chernosem,2020,102
209,Bazaliya,Chernosem,2020,102
211,Maksus,Chernosem,2020,98
121,Lider_1,Chernosem,2020,97
155,Amigo,Chernosem,2020,102
159,SK_Farta,Chernosem,2020,103
84,Moravians,Chernosem,2020,99
117,Amazonka,Chernosem,2020,102
158,SK_69,Chernosem,2020,101
60,Belgorodskaya_6,Chernosem,2020,99
216,Sultana,Chernosem,2020,102
266,L-17-96,Chernosem,2020,102
86,Soyer_6,Chernosem,2020,102
91,Vereteyka,Chernosem,2020,102
104,Samer_4,Chernosem,2020,99
161,Arleta,Chernosem,2020,105
120,Sireliya,Chernosem,2020,101
206,Ros,Chernosem,2020,109
83,Brunensis,Chernosem,2020,101
144,SK_Unika,Chernosem,2020,103
191,Santana,Chernosem,2020,101
213,Lissabon,Chernosem,2020,102
189,RZHT_Sforza,Chernosem,2020,109
59,Cordoba,Chernosem,2020,111
62,Belgorodskaya_8,Chernosem,2020,109
163,SK_Agra,Chernosem,2020,111
224,Amfor,Chernosem,2020,111
47,Vetsautses_brune,Chernosem,2020,99
97,Tatyana_Ryazantseva,Chernosem,2020,108
214,Anastasiya,Chernosem,2020,108
294,L-17-163,Chernosem,2020,101
295,L-17-166,Chernosem,2020,101
296,L-17-167,Chernosem,2020,101
308,L-17-263,Chernosem,2020,101
93,Kitrossa,Chernosem,2020,109
26,Svetlaya,Chernosem,2021,78
41,Kasatka,Chernosem,2021,79
200,SibNIIK_315,Chernosem,2021,86
153,Georgiya,Chernosem,2021,94
199,Eldorado,Chernosem,2021,92
45,Chera_1,Chernosem,2021,88
40,Milvus,Chernosem,2021,91
106,Saaremaa,Chernosem,2021,84
36,Lantsetnaya,Chernosem,2021,90
151,Volma,Chernosem,2021,92
198,Annushka,Chernosem,2021,92
203,Paradis,Chernosem,2021,98
99,Legenda,Chernosem,2021,92
101,Samer_1,Chernosem,2021,89
143,SK_Doka,Chernosem,2021,94
146,Osmon,Chernosem,2021,96
205,Oressa,Chernosem,2021,92
39,HM_648_(Rita),Chernosem,2021,94
148,Avanta,Chernosem,2021,92
149,Bara,Chernosem,2021,94
150,Zlata,Chernosem,2021,90
201,Svapa,Chernosem,2021,98
87,Soyer_7,Chernosem,2021,99
147,Mezenka,Chernosem,2021,96
186,Zelda,Chernosem,2021,103
202,Yug_30,Chernosem,2021,96
208,Pripyat,Chernosem,2021,98
210,Major,Chernosem,2021,100
25,USKHI-6,Chernosem,2021,98
61,Belgorodskaya_7,Chernosem,2021,103
82,Bohemians,Chernosem,2021,105
102,Samer_2,Chernosem,2021,103
152,Kazachka,Chernosem,2021,99
154,OAS_Prudens,Chernosem,2021,101
157,Puma,Chernosem,2021,99
207,Lira,Chernosem,2021,99
209,Bazaliya,Chernosem,2021,96
211,Maksus,Chernosem,2021,101
121,Lider_1,Chernosem,2021,98
155,Amigo,Chernosem,2021,101
159,SK_Farta,Chernosem,2021,103
84,Moravians,Chernosem,2021,101
117,Amazonka,Chernosem,2021,105
60,Belgorodskaya_6,Chernosem,2021,103
216,Sultana,Chernosem,2021,105
86,Soyer_6,Chernosem,2021,105
91,Vereteyka,Chernosem,2021,105
104,Samer_4,Chernosem,2021,105
161,Arleta,Chernosem,2021,111
187,OAK_MÂ·edok,Chernosem,2021,115
120,Sireliya,Chernosem,2021,111
192,Regina,Chernosem,2021,111
206,Ros,Chernosem,2021,105
83,Brunensis,Chernosem,2021,109
144,SK_Unika,Chernosem,2021,113
191,Santana,Chernosem,2021,111
213,Lissabon,Chernosem,2021,113
162,Sparta,Chernosem,2021,117
189,RZHT_Sforza,Chernosem,2021,107
62,Belgorodskaya_8,Chernosem,2021,115
163,SK_Agra,Chernosem,2021,115
224,Amfor,Chernosem,2021,119
47,Vetsautses_brune,Chernosem,2021,103
97,Tatyana_Ryazantseva,Chernosem,2021,107
214,Anastasiya,Chernosem,2021,107
93,Kitrossa,Chernosem,2021,113
